bairro_nome,n_partes_originais,area_bairro_geom_ha,area_pixel_total_ha,area_land_ha,area_agua_ha,area_urbana_ha,area_vegetacao_ha,area_lst_valid_ha,pct_land,pct_agua,pct_urbana_land,pct_vegetacao_land,pct_lst_valid_land,LST_C_median_mean,LST_C_median_median,LST_C_p75_mean,LST_C_p75_median,LST_C_p90_mean,LST_C_p90_median,NDVI_median_mean,NDVI_median_median,NDBI_median_mean,NDBI_median_median,MNDWI_median_mean,MNDWI_median_median,n_obs_validas_mean,n_obs_validas_median,lst_valid_mask_mean,lst_valid_mask_median,bairro_nome_title,lst_median_norm,lst_p75_norm,urban_norm,ndbi_norm,ndvi_norm,ndvi_inverse_norm,utvi_exploratory,utvi_rank,utvi_class,quality_flag
NAVEGANTES,1,226.0280588115236,225.7498387655791,225.36963738983164,0.3802013757474282,225.36963738983164,0.0,225.36963738983164,99.83158288049,0.1684171195099869,100.0,0.0,100.0,38.915828030818105,38.839764994573166,42.73010095296113,42.049390286793226,48.57696633226402,48.56242792532931,0.2241043043093612,0.2013305674546835,0.0555734084099025,0.0642724406863056,-0.32646222451863,-0.3300884952639361,6.676199809409237,6.999999999999999,1.0,1.0,Navegantes,0.8404106356486676,0.8831768723409251,1.0,0.9489267550258458,0.0,1.0,0.9345028526030876,1,muito alta,ok
FARRAPOS,1,226.9279812507812,226.64678652698512,224.20822171884427,2.4385648081407822,217.54725571049775,6.424809889787554,224.20822171884427,98.92406821843446,1.0759317815655156,97.02911607911535,2.865554991932555,100.0,40.67903249738917,41.08918206446165,44.25897234565211,44.682014137561,49.062160431155874,49.34524023932405,0.3193464923107604,0.2712590940742112,-0.0096987147276515,0.0178946436989688,-0.3537382604625792,-0.3576832606282804,6.418706130963299,6.999999999999998,1.0,1.0,Farrapos,1.0,1.0,0.9702911607911535,0.8050866523517537,0.16458801513372767,0.8354119848662723,0.9221579596018359,2,muito alta,ok
SÃO GERALDO,1,174.4294342598941,174.21203547689848,173.9549458338642,0.2570896430342804,173.9549458338642,0.0,165.12112984163505,99.85242716306568,0.1475728369343185,100.0,0.0,94.92177934356296,38.41906723021256,38.15373774033051,41.334576747806935,40.9729757583784,48.350659268277774,48.21863910117813,0.2275610043218275,0.2085473564413067,0.0787495538172841,0.092053052619587,-0.3513377314101137,-0.3537266652880058,7.1548066602112055,8.0,0.9492166774938584,1.0,São Geraldo,0.7954483287203791,0.776542983349708,1.0,1.0,0.005973522930365685,0.9940264770696343,0.9132035578279443,3,muito alta,ok
FLORESTA,1,186.94982679829096,186.71903334888185,186.25515827776184,0.4638750711200283,186.25515827776184,0.0,186.25515827776184,99.75156519247118,0.2484348075288524,100.0,0.0,100.0,38.30438084471064,38.22550198331569,41.56523732770916,41.59668082478975,48.27306604663527,48.28104797107159,0.2450461739925267,0.2123085810710051,0.050733803798619,0.0722974022793417,-0.3398847151986501,-0.3456291914520469,7.192819333770477,7.000000000000004,1.0,1.0,Floresta,0.7850679515667318,0.7941680697373898,1.0,0.9382617239110771,0.0361896428113428,0.9638103571886572,0.8962616204807713,4,muito alta,ok
SANTA MARIA GORETTI,1,78.48058118076088,78.34574030997115,78.34574030997115,0.0,78.34574030997115,0.0,63.17501561673828,100.0,0.0,100.0,0.0,80.63618438831438,39.26173995742106,39.20001884086673,41.75476118727436,41.67296360404878,47.89702567058856,47.82750750888891,0.3042659029316918,0.2716052300126655,0.0354106718487753,0.0605613322634446,-0.3788786478730916,-0.3739509815297773,5.999094086679959,6.999999999999998,0.8063639438722545,1.0,Santa Maria Goretti,0.87171946314697,0.8086498437742863,1.0,0.9044941556597836,0.1385272502034721,0.8614727497965279,0.8892672424755135,5,muito alta,ok
SÃO JOÃO,1,159.07596692933825,158.88088291196834,158.88088291196834,0.0,158.88088291196834,0.0,119.0782121098509,100.0,0.0,100.0,0.0,74.94810573014561,38.62075822297123,38.47349330654156,41.17561213472235,41.34502315559342,47.81919948799229,47.90801728097792,0.2709756906278033,0.2522583695188645,0.0300113166066321,0.0449902421743386,-0.346914256709364,-0.3535053772238729,5.006878900296204,6.9999999999999964,0.7494799605057563,1.0,São João,0.8137035781483377,0.7643962826027149,1.0,0.8925956027236844,0.08099843779948872,0.9190015622005113,0.8779394051350498,6,muito alta,caution_low_lst_valid
CRISTO REDENTOR,1,143.30155022182478,143.1228771019508,143.1228771019508,0.0,143.1228771019508,0.0,131.21390934136568,100.0,0.0,100.0,0.0,91.67920041734348,38.879139108615625,38.90875381408452,41.68897516930234,41.52613717014684,47.54291675665844,47.34192980765411,0.3298959544978551,0.3183401495218277,0.0075774989489253,0.0214954616780883,-0.3836695589270003,-0.3963769716282104,6.7537988422576,7.000000000000003,0.916791521239466,1.0,Cristo Redentor,0.8370898853420309,0.8036230453055145,1.0,0.8431582245575706,0.18281853963697323,0.8171814603630267,0.8602105231136286,7,muito alta,ok
VILA JOÃO PESSOA,1,112.26911042207642,112.12568348567282,112.12568348567282,0.0,112.12568348567282,0.0,111.59691287781683,100.0,0.0,100.0,0.0,99.52841258896449,39.11162508152961,39.01405634586417,41.25087278379726,41.11230760470555,48.62912784129209,48.57828123091321,0.3555052696691681,0.3385648347792171,0.027226692915699,0.0410862093854822,-0.4271953180013186,-0.4286516940127092,7.396753384267023,7.000000000000003,0.9952840177887828,1.0,Vila João Pessoa,0.8581324186054006,0.7701470504283252,1.0,0.8864591306991966,0.22707399450870036,0.7729260054912996,0.8575329210448445,8,muito alta,ok
SÃO SEBASTIÃO,1,107.00080648403453,106.88243082644888,106.88243082644888,0.0,106.88243082644888,0.0,82.40554038309581,100.0,0.0,100.0,0.0,77.09923861752583,38.90949161819597,38.94224727988813,41.909690993524016,41.81307060253084,48.1475660651672,48.20017076602948,0.3343901485897643,0.311284626580232,-0.0112753457966431,0.0058719753287732,-0.3678541446135303,-0.3963280217207257,5.993037406483792,7.000000000000005,0.7709868186676165,1.0,São Sebastião,0.8398371207320451,0.8204882394825362,1.0,0.8016122322786546,0.19058495597762046,0.8094150440223795,0.8542705273031231,9,muito alta,caution_low_lst_valid
CIDADE BAIXA,1,76.26512263978005,76.1734977611432,76.1734977611432,0.0,76.1734977611432,0.0,76.1734977611432,100.0,0.0,100.0,0.0,100.0,37.88985698902621,37.82022644300002,40.109578678656064,40.04668523230771,46.40002997762381,46.469048971014125,0.271512488022151,0.2447113256369318,0.0377648747953903,0.0563656822977149,-0.3521787749218341,-0.355992259684661,6.741065432217213,7.0,1.0,1.0,Cidade Baixa,0.7475489911220634,0.6829392266840497,1.0,0.9096821099851414,0.08192607732057308,0.9180739226794269,0.8516488500941364,10,muito alta,ok
PASSO DA AREIA,1,210.1677750820096,209.927329117381,209.927329117381,0.0,209.927329117381,0.0,209.927329117381,100.0,0.0,100.0,0.0,100.0,39.034642063843776,39.09512554481192,41.3219725447365,41.43792438719301,47.36504976294781,47.46814277496298,0.3490211996076203,0.3340925048840673,-0.0046217212799357,0.0176630690662255,-0.3930068878485834,-0.4040680321198749,6.548083856748833,6.000000000000004,1.0,1.0,Passo Da Areia,0.8511646102251158,0.7755798791727457,1.0,0.816274816972294,0.2158688737128351,0.7841311262871649,0.8454300865314641,11,muito alta,ok
SANTANA,1,153.5381465798553,153.35550395481138,153.35550395481138,0.0,153.35550395481138,0.0,153.35550395481138,100.0,0.0,100.0,0.0,100.0,38.24915326516487,38.16982561739643,40.569031820603286,40.51834392575285,46.566846390853854,46.513384313333376,0.3072959146103801,0.2831396837809079,0.0158995347235648,0.0333032345824258,-0.3664339403351843,-0.3690070960251936,6.441100378242619,6.000000000000003,1.0,1.0,Santana,0.7800692492145805,0.7180466616924254,1.0,0.8614974852211004,0.143763413068819,0.856236586931181,0.8431699966118575,12,muito alta,ok
BOM FIM,1,49.60598795777764,49.542833615664165,49.542833615664165,0.0,49.542833615664165,0.0,49.542833615664165,100.0,0.0,100.0,0.0,100.0,37.49583965261786,37.45911263000003,40.17031846608622,40.14396734000002,45.53499126177613,45.487513867712025,0.2776171565553778,0.2523924890348966,0.0317630548580934,0.0484336608631221,-0.3493651404206208,-0.3539927864100697,6.162195886554465,5.999999999999997,1.0,1.0,Bom Fim,0.7118860958351096,0.6875804358628342,1.0,0.8964559062933619,0.09247555437498892,0.9075244456250111,0.8406893767232633,13,muito alta,ok
AZENHA,1,138.98637589660262,138.8041514890158,138.8041514890158,0.0,138.8041514890158,0.0,126.86654822884816,100.0,0.0,100.0,0.0,91.39967851673924,38.4460870239917,38.4779774695592,40.71017021325167,40.7200611063022,46.364487671425486,46.34288230839286,0.3390737161210261,0.2988267867751648,-0.0059412800762977,0.0294227878772906,-0.3750251455996883,-0.3771425008539856,5.242174510070591,5.999999999999996,0.913990901154246,1.0,Azenha,0.7978939167368969,0.7288312368638779,1.0,0.8133669067706721,0.19867862853902601,0.8013213714609739,0.8282826863664841,14,muito alta,ok
VILA IPIRANGA,1,181.74323105271333,181.50021288292663,181.50021288292663,0.0,181.50021288292663,0.0,176.66142652248053,100.0,0.0,100.0,0.0,97.33400513223238,38.499898043506334,38.54982278373624,41.3890753327489,41.3420010425423,47.22874395819474,47.34395601254368,0.3794586064500277,0.345984742310228,-0.0146670231276094,0.0176668863289841,-0.4170776238669909,-0.4317637876617167,7.606911642798886,8.0,0.9733421488047092,1.0,Vila Ipiranga,0.8027644048522872,0.7807072938184311,1.0,0.7941379968459342,0.2684677532969117,0.7315322467030883,0.8218283884439481,15,muito alta,ok
CENTRO HISTÓRICO,1,243.7815763132648,243.4803941892349,239.1747111105452,4.305683078689902,239.1747111105452,0.0,238.1556740846704,98.23160994418988,1.7683900558101984,100.0,0.0,99.57393613181632,36.398000804962,36.21593257768398,38.63557597373132,38.3396905002826,45.4856049865811,45.15696765324219,0.2342525881245912,0.1912082503603756,0.03794663734746,0.0606555306744982,-0.3132303043809296,-0.3142670943691122,7.432224269363629,6.9999999999999964,0.9957572717607304,1.0,Centro Histórico,0.6125196257635368,0.5703086895502766,1.0,0.9100826599120514,0.017537248200743785,0.9824627517992562,0.8150747454050242,16,muito alta,ok
INDEPENDÊNCIA,1,44.223929542261615,44.16339086636024,44.16339086636024,0.0,44.16339086636024,0.0,44.16339086636024,100.0,0.0,100.0,0.0,100.0,37.104436480835226,36.9023583867614,39.86616399622815,39.97194119890848,45.49059697563334,45.53668672969073,0.2881131529991593,0.2553325047095616,0.003097040018201,0.0294271513084659,-0.3301225691055787,-0.3350246847820229,6.538447746784816,7.0,1.0,1.0,Independência,0.6764598111505203,0.6643395820996104,1.0,0.833284642365916,0.11061368473280142,0.8893863152671986,0.812694070176649,17,muito alta,ok
MENINO DEUS,1,230.3452682955631,230.0649185959324,230.0649185959324,0.0,230.0649185959324,0.0,230.0649185959324,100.0,0.0,100.0,0.0,100.0,37.88497215970983,37.96898314608343,39.94847418188173,40.096201187670886,45.514117592163394,45.589980777884136,0.3373545318474569,0.3102227316872198,-0.0098606726730174,0.0096826864775878,-0.3681510779464521,-0.3729758875605284,5.760097083395646,5.9999999999999964,1.0,1.0,Menino Deus,0.7471068604331133,0.6706290145346859,1.0,0.8047297458138551,0.19570770637550203,0.804292293624498,0.8053515828812305,18,muito alta,ok
BOM JESUS,1,210.20006793025613,209.95196042347172,209.95196042347172,0.0,209.95196042347172,0.0,209.95196042347172,100.0,0.0,100.0,0.0,100.0,38.248281116652805,38.17126602564121,40.48915289312971,40.485769340000026,47.19221790283231,47.09263785323573,0.3887070980536396,0.3688606240938524,-0.0049910349446413,0.0095424558750765,-0.4174994618381711,-0.4229727546618901,7.633196860991099,7.000000000000004,1.0,1.0,Bom Jesus,0.7799903101979779,0.7119430049779844,1.0,0.8154609608742128,0.28445007067077405,0.715549929329226,0.8045888410758802,19,muito alta,ok
MEDIANEIRA,1,139.96729832962026,139.7869573336606,139.7869573336606,0.0,139.7869573336606,0.0,137.99070704932888,100.0,0.0,100.0,0.0,98.71500866848098,37.86097686858746,37.8907379392054,40.675662433391565,40.65582706637365,46.5631145084871,46.45426059388938,0.3733473831735092,0.3539780703029334,-0.0078754183872787,0.0054104256497736,-0.4100769148458534,-0.4150915909362567,7.175818647478506,6.999999999999999,0.9871507844554982,1.0,Medianeira,0.7449350231163147,0.7261944508064626,1.0,0.8091046483996505,0.25790694899129823,0.7420930510087018,0.8044654346662259,20,muito alta,ok
VILA JARDIM,1,146.82885104225997,146.6583488421113,146.6583488421113,0.0,146.6583488421113,0.0,146.6583488421113,100.0,0.0,100.0,0.0,100.0,38.67842299111567,38.71983276709462,41.09098582914118,41.03064635785333,46.83977455935079,46.85719831284717,0.4089615102993317,0.3962087780388479,-0.0311721479377869,-0.0213968467018879,-0.4162167072086849,-0.4277713421882659,6.768025963616879,6.999999999999999,1.0,1.0,Vila Jardim,0.8189228728291944,0.7579298723163508,1.0,0.757765672287999,0.31945171835624886,0.6805482816437511,0.8030333398154591,21,muito alta,ok
COSTA E SILVA,1,179.5740571089392,179.35389866262085,179.35389866262085,0.0,179.22778912882004,0.1261095338007983,179.35389866262085,100.0,0.0,99.92968676190416,0.0703132380958278,100.0,38.4952671707658,38.659512259210544,40.97717884873187,41.1549960076436,48.198303081104925,48.40901778567063,0.4046912998888494,0.3498359436688583,-0.0311122357519422,0.013895002212925,-0.4169216294981953,-0.4278523689928619,7.1886962606188,7.0,1.0,1.0,Costa E Silva,0.8023452600219142,0.7492337272616316,0.9992968676190417,0.7578977007030264,0.31207236819207224,0.6879276318079277,0.7993402374827083,22,alta,ok
JARDIM SÃO PEDRO,1,103.17589389699712,103.04556736361752,103.04556736361752,0.0,102.8515183110448,0.1940490525727178,57.64594805909719,100.0,0.0,99.81168617191656,0.18831382808343,55.94219094906002,38.07518670863653,38.14235459828891,40.352219604564624,40.35292642081215,46.88718310795653,46.83713041454127,0.3589299867616483,0.330160531293563,-0.030955900456097,0.0020762198405957,-0.3808132048467246,-0.3960418498145817,3.5948030448599497,5.999999999999998,0.5594353706304043,1.0,Jardim São Pedro,0.7643233656820032,0.7014797474879871,0.9981168617191656,0.7582422166146442,0.2329922477583798,0.7670077522416202,0.797833988749084,23,alta,caution_low_lst_valid
SANTA CECÍLIA,1,68.09954689117725,68.00319696206085,68.00319696206085,0.0,68.00319696206085,0.0,68.00319696206085,100.0,0.0,100.0,0.0,100.0,37.412811402613386,37.42427947491231,40.10186211923209,40.28452841059237,46.29946428952572,46.5473329807895,0.3380920178882186,0.3144522592148964,-0.0283584451931604,-0.0138819496858993,-0.3488001274670622,-0.3610708291352135,6.910730597696621,7.0,1.0,1.0,Santa Cecília,0.7043711275528515,0.6823495939582459,1.0,0.7639662257896607,0.1969821559254852,0.8030178440745148,0.7907409582750546,24,alta,ok
JARDIM LINDÓIA,1,87.91077235465066,87.78488459926021,87.78488459926021,0.0,87.78488459926021,0.0,54.22265985669458,100.0,0.0,100.0,0.0,61.76764952670625,37.46147917679696,37.4245039318659,40.079951329830585,39.95011164648387,47.11608566745417,47.0922641055168,0.3730176347936322,0.3304048927218758,-0.0215499754205752,0.0098686728049849,-0.408201668744223,-0.4203800140943342,4.985505637082254,8.0,0.6176673687717102,1.0,Jardim Lindóia,0.7087760954925344,0.6806753609523829,1.0,0.7789700427955557,0.257337110850487,0.7426628891495131,0.7822168776779972,25,alta,caution_low_lst_valid
AUXILIADORA,1,84.51488448235747,84.40870865676915,84.40870865676915,0.0,84.40870865676915,0.0,84.40870865676915,100.0,0.0,100.0,0.0,100.0,37.37044790610498,37.546457078500666,39.31992244865163,39.47377249538462,45.106070194645085,45.295777985000015,0.3553107404282658,0.3375358435500791,-0.0306219192714773,-0.0175125961791936,-0.36482636747233,-0.3692269380660758,5.7143372602789215,5.9999999999999964,1.0,1.0,Auxiliadora,0.7005367659642465,0.6226005278205559,1.0,0.7589782105670039,0.2267378285478227,0.7732621714521772,0.7710755351607966,26,alta,ok
JARDIM FLORESTA,1,72.42861910263655,72.34593499522,72.34593499522,0.0,72.34593499522,0.0,72.34593499522,100.0,0.0,100.0,0.0,100.0,37.73945072498116,37.61081338317852,40.35489584853472,40.284329822382574,47.648513757307626,47.65876773910169,0.4078368530631048,0.4081610217690468,-0.0428166866267521,-0.0373589758956275,-0.4022511097464717,-0.4085945970924912,7.719132254546526,8.0,1.0,1.0,Jardim Floresta,0.733935572753128,0.7016842429036642,1.0,0.7321046157741269,0.31750819830383625,0.6824918016961637,0.7700432466254166,27,alta,ok
RUBEM BERTA,1,271.34378703834415,270.97505410342814,270.95068870952304,0.0,270.87302288135464,0.0776658281683921,265.81435384572126,99.99100825203791,0.0,99.97133580706574,0.0286641929342556,98.10432854470126,38.19596526435915,38.47053458335548,40.641427538405495,41.02633016357533,46.11640136988008,46.55529776301448,0.4436161396629021,0.39664600021821,-0.0447139109056743,0.0019828514429627,-0.4381672677539517,-0.446267899643002,7.809397423229154,8.0,0.9944055766615232,1.0,Rubem Berta,0.7752551511331426,0.7235785162507684,0.9997133580706574,0.72792370481309,0.37933837973850576,0.6206616202614943,0.7694264701058307,28,alta,ok
CHÁCARA DAS PEDRAS,1,108.60599744833442,108.48004411689791,108.48004411689791,0.0,108.24707311175618,0.232971005141735,108.48004411689791,100.0,0.0,99.78524067994417,0.2147593200558491,100.0,37.66027956440345,37.61188504768401,39.80133276924914,39.70427824683545,45.90725124492306,45.890988190000016,0.4032061379289725,0.392563691291536,-0.0395547387657135,-0.0249925697286409,-0.4133165229826332,-0.4208946790842884,6.419736797781186,6.000000000000002,1.0,1.0,Chácara Das Pedras,0.7267697134151438,0.6593857404999369,0.9978524067994416,0.7392929665231985,0.3095058599643878,0.6904941400356122,0.7627589934546666,29,alta,ok
JARDIM LEOPOLDINA,1,130.04855870865535,129.88315038228154,129.88315038228154,0.0,129.88315038228154,0.0,129.88315038228154,100.0,0.0,100.0,0.0,100.0,37.25270405102364,37.27750517185196,39.44532334908313,39.408580660851406,47.360687918879634,47.40161878131763,0.3914536230950993,0.3573408115759729,-0.0210001979166577,0.0094678026600387,-0.4221871259707969,-0.4286502643140051,8.794860851866101,9.0,1.0,1.0,Jardim Leopoldina,0.6898796542424005,0.6321825799602633,1.0,0.780181586848516,0.28919634030794666,0.7108036596920533,0.7626094961486466,30,alta,ok
PARTENON,1,634.5468544147394,633.7834739164402,633.7834739164402,0.0,611.4778541591539,22.150373588911464,599.1841899177905,100.0,0.0,96.48056147323476,3.4949433837449395,94.54083525011391,37.70728809554296,37.96467870350367,39.9265995877901,40.4036802206962,46.59960775634363,47.0633382294416,0.409039340584319,0.3731583764577145,-0.0400004739322161,-0.0097786757096382,-0.4138786008096248,-0.4238740163557986,6.870876723080748,6.99999999999999,0.9454104579238533,1.0,Partenon,0.7310245016407162,0.6689575472613277,0.9648056147323476,0.7383107004495167,0.3195862168636032,0.6804137831363968,0.7567024294440611,31,alta,ok
JARDIM ITU,1,255.77865789491167,255.4624645361129,255.4624645361129,0.0,255.15182688323893,0.3106376528739929,255.4624645361129,100.0,0.0,99.87840184136716,0.121598158632843,100.0,37.84466497792611,37.904673450280896,39.61223184560082,39.65960218082702,46.69920754919335,46.77981832913396,0.4223701753696917,0.3768253276892234,-0.0425095214524917,0.0022512925179398,-0.4317140373230337,-0.4396038022574638,8.155288655848407,8.0,1.0,1.0,Jardim Itu,0.7434586179055931,0.6449362835675693,0.9987840184136716,0.7327815153153048,0.34262323106331805,0.657376768936682,0.7554674408277642,32,alta,ok
CAMAQUÃ,1,190.2852563437345,190.0555413230961,190.0555413230961,0.0,181.69980686394604,8.122951342749829,190.0555413230961,100.0,0.0,95.60353020965316,4.27398816482848,100.0,36.76918182081619,36.96755186408217,40.07143700025761,40.470052944047886,45.61252511163817,45.90679325025297,0.4059648835000018,0.3768147372303269,-0.0314303073579906,0.0017253634042455,-0.4161764531067302,-0.4229379238731585,7.310207460375659,7.0,1.0,1.0,Camaquã,0.6461155832957057,0.6800247695322084,0.9560353020965315,0.7571967666706633,0.3142732478974329,0.6857267521025672,0.7450198347395353,33,alta,ok
HIGIENÓPOLIS,1,106.48294865419524,106.34306702163865,106.34306702163865,0.0,106.34306702163865,0.0,106.34306702163865,100.0,0.0,100.0,0.0,100.0,37.621071868786224,37.65722300700534,39.543754125284856,39.465731673196295,44.95733846337427,45.21885142585101,0.4088776448134951,0.3765365969599932,-0.0684423885514731,-0.0488461802227877,-0.3829706360727314,-0.3929077160103771,5.895522217066783,5.9999999999999964,1.0,1.0,Higienópolis,0.7232209864581378,0.6397038084879005,1.0,0.6756332859204971,0.3193067904189374,0.6806932095810626,0.7438502580895195,34,alta,ok
RIO BRANCO,1,134.27761702941442,134.11536486157613,134.11536486157613,0.0,134.11536486157613,0.0,134.11536486157613,100.0,0.0,100.0,0.0,100.0,36.517534054597554,36.35835900163663,38.92438415582231,38.90752765966001,44.59852850029311,44.40672656857144,0.3656293972374735,0.3418722614710325,-0.0384406340733978,-0.0210430940347297,-0.3662688374277935,-0.3721343619140066,6.382382125543536,6.0,1.0,1.0,Rio Branco,0.6233386973402353,0.5923769127420362,1.0,0.7417481177520724,0.2445694983016577,0.7554305016983422,0.7425788459065371,35,alta,ok
SANTO ANTÔNIO,1,137.09208064007862,136.9242133229679,136.9242133229679,0.0,136.9242133229679,0.0,128.07155508401925,100.0,0.0,100.0,0.0,93.534629103132,37.45381191647213,37.46502898870668,39.77058982820561,39.96908784749749,45.95674262295379,46.03104457678168,0.4336583416828577,0.4041628071181933,-0.0582966407432226,-0.0254900361803664,-0.41990263079439,-0.4276400048317956,6.0348091555527885,6.0,0.935346801915782,1.0,Santo Antônio,0.7080821242460025,0.6570366308604251,1.0,0.6979914586946344,0.36213031008964314,0.6378696899103569,0.7401959807422838,36,alta,ok
CRISTAL,1,407.31375536330665,406.8245108429416,404.2331063369618,2.591404505979781,399.850785724322,3.5820852455847394,403.1379235310589,99.36301662340593,0.6369833765940955,98.9158927005383,0.8861434626284109,99.72907147169931,36.995716268923125,37.0922471890171,39.69041336264529,39.72358635734029,45.569150009127775,45.65262931085998,0.4206377880857443,0.4003349145721442,-0.0699543630755115,-0.0488096137916906,-0.3962460334474458,-0.4044710503559502,7.297876025036826,7.000000000000001,0.999584798105672,1.0,Cristal,0.6666194382158169,0.6509102388589888,0.9891589270053829,0.6723013494011354,0.33962949277893906,0.6603705072210609,0.7278720921404771,37,alta,ok
MOINHOS DE VENTO,1,131.3575237857139,131.19770191966322,131.19770191966322,0.0,131.19770191966322,0.0,131.19770191966322,100.0,0.0,100.0,0.0,100.0,36.053107966251495,35.97187759321751,38.43571869450907,38.47153002855274,44.40325549654446,44.27597142275443,0.3758022332764001,0.3377490306601804,-0.0644218693953409,-0.0366124618602426,-0.3501736171911997,-0.3574189551376335,6.992817712903512,6.999999999999998,1.0,1.0,Moinhos De Vento,0.5813030369091676,0.5550373249634349,1.0,0.6844932993599632,0.2621491751976062,0.7378508248023938,0.711736897206992,38,alta,ok
SANTA ROSA DE LIMA,1,550.5717554117643,549.9329073829107,549.9326027534469,0.0,429.113812599492,102.2673974621822,547.0395565266125,99.99994460606744,0.0,78.03025506234225,18.59635107104789,99.4739271299157,37.91422810079998,38.90874201824889,41.15481577291204,42.52985762691818,47.41732739207143,48.81817899578924,0.4572877695336835,0.3930104529713413,-0.0747053675409268,-0.0215199418978959,-0.4222796917821005,-0.4278856738248087,7.158416505271748,6.999999999999999,0.9984421012790432,1.0,Santa Rosa De Lima,0.7497548443343546,0.7628072045139854,0.7803025506234225,0.6618315663258975,0.40296432188970704,0.597035678110293,0.7103463687815907,39,alta,ok
MONTSERRAT,1,79.63089263028232,79.52060778357232,79.52060778357232,0.0,79.52060778357232,0.0,79.52060778357232,100.0,0.0,100.0,0.0,100.0,36.10025643452112,35.92645058427445,38.20270575366523,38.04594040319236,44.238938930657326,44.08393150621734,0.3822772440194661,0.3643721997737884,-0.0595259570439983,-0.0482600525109225,-0.3601985324277559,-0.3615053187110531,6.359601855149726,6.0,1.0,1.0,Montserrat,0.5855704909815369,0.5372324914996442,1.0,0.6952824157767279,0.2733386405861496,0.7266613594138505,0.7089493515343518,40,alta,ok
TRÊS FIGUEIRAS,1,133.53283160363213,133.36315768051386,133.36315768051386,0.0,132.97488066393376,0.3882770165801048,133.36315768051386,100.0,0.0,99.70885736110849,0.2911426388915184,100.0,36.94256428335344,36.84166358202233,38.73239199539888,38.65406165794174,45.007895505720505,45.15142708729908,0.4352119963367045,0.4124048512715559,-0.0965391208780862,-0.0764553207277355,-0.3902536117130798,-0.4038192190428238,6.641875907675168,6.9999999999999964,1.0,1.0,Três Figueiras,0.6618085999086901,0.5777065325034404,0.9970885736110848,0.6137165492127051,0.3648151805346203,0.6351848194653797,0.6971010149402601,41,alta,ok
PETRÓPOLIS,1,337.1532601799777,336.76825261688697,336.76825261688697,0.0,336.6129548904942,0.1552977263927459,336.76825261688697,100.0,0.0,99.95388587695366,0.0461141230463357,100.0,36.05864521698268,36.11005525409912,38.196009929327005,38.28113007738879,44.18503244997217,44.34059153205912,0.4079761534777824,0.3865462567644306,-0.0666290552937137,-0.0486607743258157,-0.3873312702982024,-0.3944523203854026,6.96295084012757,7.000000000000004,1.0,1.0,Petrópolis,0.5818042188997978,0.5367208545201138,0.9995388587695366,0.6796293263346995,0.3177489233358856,0.6822510766641143,0.6959888670376524,42,alta,ok
JARDIM EUROPA,1,76.38105166503179,76.27422007129474,76.27422007129474,0.0,75.88590685234351,0.3883132189512253,76.27422007129474,100.0,0.0,99.49089847318234,0.5091015268176622,100.0,37.43840960673295,37.28223626916907,39.5445626704804,39.335650684470295,45.89702360397307,45.40344561500002,0.4439398503498576,0.4117396502462152,-0.1448692987821098,-0.1234094678354428,-0.3461294518533869,-0.3576937140079966,6.618269008089571,7.0,1.0,1.0,Jardim Europa,0.7066880460960088,0.6397655905181282,0.9949089847318234,0.5072113917610058,0.37989778414281034,0.6201022158571896,0.6937352457928311,43,alta,ok
HUMAITÁ,1,362.6268822711189,362.18994040267154,361.5844566066768,0.6054837959946372,324.51607842801843,35.59511018895051,318.47022346249406,99.83282699808792,0.1671730019120572,89.74834855277517,9.84420362617247,88.07630351459453,37.68518431967158,37.90665860072487,39.89308969567218,40.06292529817941,46.81976465308569,47.56084042990769,0.4520967108375536,0.4082092275986305,-0.1199717006388846,-0.079909926457828,-0.3795995271331015,-0.3808505162596702,5.857408646384035,7.000000000000001,0.880775936341694,1.0,Humaitá,0.7290238672231221,0.6663970111538117,0.8974834855277517,0.562078200148909,0.39399365389931873,0.6060063461006813,0.6921977820308551,44,alta,ok
CAVALHADA,1,376.4844826543697,376.00906485091247,375.776302700446,0.2327621504664421,336.52704304293115,39.04296553228416,375.776302700446,99.93809666515388,0.0619033348461245,89.55515305902543,10.389948821069662,100.0,36.89776056567549,37.281815171317234,39.30074075948979,39.848695011754096,44.56252129695316,45.34116186501832,0.4556722001545483,0.4162112127529595,-0.0790605701872144,-0.0409406683386833,-0.423557152367712,-0.4355741593251133,6.915158670582722,6.999999999999998,1.0,1.0,Cavalhada,0.6577533715104171,0.6211348290493033,0.8955515305902543,0.6522340112641707,0.40017245661442813,0.5998275433855719,0.6853002571599436,45,alta,ok
JARDIM DO SALSO,1,85.61240670943198,85.46307268934507,85.46307268934507,0.0,85.46307268934507,0.0,66.98128517541808,100.0,0.0,100.0,0.0,78.37453424930372,36.51819457520849,36.838113657401216,38.51882013693423,38.78994250966896,45.6350892075488,45.84007996005184,0.4671085209760107,0.427995690324927,-0.1066762371533639,-0.0763291241645927,-0.4068674383975801,-0.4196488299629429,6.137874032298866,6.9999999999999964,0.7837408395709164,1.0,Jardim Do Salso,0.6233984817080943,0.5613872183969175,1.0,0.591377397737851,0.4199355614310601,0.58006443856894,0.6712455072823607,46,alta,caution_low_lst_valid
PASSO DAS PEDRAS,1,230.04668295534972,229.758877000534,229.758877000534,0.0,185.746931445394,43.76892211150889,229.758877000534,100.0,0.0,80.84428940038833,19.049937344273825,100.0,37.252881045323655,37.77687846417879,39.26767178400672,40.027180869887005,46.73292652659781,48.15922354365287,0.4612426273394388,0.3961175842718644,-0.0805129281325398,-0.0255381658294401,-0.4291944517487638,-0.4352945097533348,8.247722000556738,9.0,1.0,1.0,Passo Das Pedras,0.6898956741699632,0.6186079839772572,0.8084428940038834,0.6490334517307403,0.4097987112506049,0.590201288749395,0.6712362585262478,47,alta,ok
ANCHIETA,1,918.484679351562,917.4026160536442,911.5656042427408,5.837011810903457,681.594599554264,189.5280065894419,801.3279663372565,99.36374589424956,0.6362541057504618,74.77186462300548,20.791482884754885,87.90677956776777,38.10028986510212,38.437163278298456,40.57314922904297,40.942427936210734,47.34406248121461,47.80717389503577,0.4842510407746437,0.5020204477738587,-0.1253453263416693,-0.103206999075629,-0.4018243237062524,-0.4237001017375751,5.880997908045588,6.999999999999995,0.8791116645459132,1.0,Anchieta,0.7665954769768133,0.7183612784313305,0.7477186462300548,0.5502363473690968,0.4495595481039218,0.5504404518960782,0.6666704401806747,48,alta,ok
PARQUE SANTA FÉ,1,173.31913207977527,173.1000371542048,173.1000371542048,0.0,172.7893417965841,0.3106953576207161,173.1000371542048,100.0,0.0,99.8205110970924,0.1794889029075918,100.0,36.59352452339534,36.78938629521538,38.83904669401557,39.15259785151248,45.526406228292245,45.78592205300002,0.500680060042181,0.455155082393865,-0.1102015550853983,-0.0725430268794298,-0.4446627819192099,-0.4580482318997383,8.250052350493151,8.0,1.0,1.0,Parque Santa Fé,0.6302166691478851,0.5858561620481517,0.998205110970924,0.583608658666287,0.47795053458354786,0.5220494654164521,0.66398721324994,49,alta,ok
BELA VISTA,1,102.51170777381648,102.3597763518786,102.3597763518786,0.0,102.3597763518786,0.0,102.3597763518786,100.0,0.0,100.0,0.0,100.0,35.58705787665928,35.54373606191551,37.52745378033806,37.46864958198128,43.25106876338036,43.11264917230772,0.4281375351776138,0.4087403523006352,-0.1018910244772503,-0.0914446365598417,-0.3687000650277527,-0.3690699361538992,6.112758310871525,6.0,1.0,1.0,Bela Vista,0.5391203865336586,0.4856355763770478,1.0,0.6019225654076541,0.35258980494477904,0.6474101950552209,0.6548177446747163,50,alta,ok
SANTA TEREZA,1,452.3317254756773,451.7923268129721,451.7923268129721,0.0,384.2632847048488,64.91653286011196,451.7923268129721,100.0,0.0,85.05307901431487,14.368666532706603,100.0,36.66645222865513,36.90582181142217,38.59866597466182,38.966691690016425,44.69027230432875,45.15774490946432,0.4842586219899389,0.4434782034960761,-0.103286988992939,-0.0605100451477276,-0.4305795243126732,-0.4357382660030124,7.282009369565552,6.9999999999999964,1.0,1.0,Santa Tereza,0.6368174272259572,0.5674883466791846,0.8505307901431487,0.5988462800102434,0.4495726492012813,0.5504273507987187,0.6408220389714506,51,alta,ok
TRISTEZA,1,259.637958032971,259.3197918667219,254.50073549586745,4.816317758869893,237.39281230340967,14.304844693313626,253.9834387298598,98.14165500590435,1.8572889189056776,93.27784921362807,5.620747879349806,99.7967405614763,35.102394474896585,35.280521247970526,37.64857722875705,38.03718828789145,44.11342506649513,44.47627506782102,0.441022893057821,0.4281878585838699,-0.0786710689046618,-0.0567991976259332,-0.4090266808752646,-0.4237958679679367,7.976921393803384,8.0,0.9998456756242928,1.0,Tristeza,0.49525302703105867,0.4948907826323324,0.9327784921362807,0.653092354792479,0.3748569905512235,0.6251430094487764,0.6402315332081854,52,alta,ok
PRAIA DE BELAS,1,257.81834389547794,257.49301720013216,252.20457173936524,5.288445460767142,223.59393146794812,27.73043615636872,249.82760486766412,97.94617907768094,2.0538209223191424,88.65578047451731,10.995215497134632,99.05752427273303,36.58504093801261,36.4662588550218,38.21292847778831,38.17681105746026,45.24272806578439,45.34524191182977,0.4646741390485973,0.4430014663302438,-0.1469732128959661,-0.1192153788767419,-0.363662477766691,-0.3731898357827197,7.022238828673735,6.999999999999996,0.9982198351848336,1.0,Praia De Belas,0.6294488115202995,0.5380136236543589,0.8865578047451731,0.5025749986484851,0.4157287062766562,0.5842712937233439,0.6281733064583321,53,alta,ok
JARDIM BOTÂNICO,1,203.83353796511295,203.59727976190675,203.59727976190675,0.0,164.93229603486887,37.73330790549517,180.3811044179924,100.0,0.0,81.00908628432857,18.533306510588805,88.59701103518472,36.69100101734721,37.28281075205896,38.31355945749141,39.18686288949971,44.81322776570927,45.71673119437187,0.4688017616072257,0.4157036000614365,-0.1189771550680047,-0.0801220841915613,-0.3947104144616439,-0.4084377311285742,6.955441569026246,8.0,0.8859689395015665,1.0,Jardim Botânico,0.6390393621502619,0.545702972702627,0.8100908628432858,0.5642698790794067,0.4228616503889425,0.5771383496110575,0.6272482852773279,54,alta,ok
BOA VISTA,1,168.95122285726646,168.7484753235883,168.7484753235883,0.0,121.76327153590375,45.97559557855129,168.7484753235883,100.0,0.0,72.1566647061037,27.2450435421058,100.0,36.95019617841426,36.96695414247971,38.33170632013778,38.40783552639782,45.04545242933799,45.09887242461251,0.4869282896015894,0.4624390575248542,-0.1175884020075801,-0.1108807008212893,-0.4126307573308905,-0.4276655372479233,6.273848541726823,6.0,1.0,1.0,Boa Vista,0.6624993702105149,0.5470895989824333,0.721566647061037,0.5673302726011475,0.45418610152203115,0.5458138984779688,0.6088599574666202,55,alta,ok
VILA SÃO JOSÉ,1,305.1540437626526,304.7932672174245,302.12741583728894,2.665851380135499,221.45798891160416,72.13910025472147,288.1721032305091,99.12535752365098,0.8746424763489975,73.29953433649021,23.87704540311299,95.3809843545296,36.22041412729441,37.53289195063454,37.66827179499498,39.228232150347786,44.853348772004445,46.68990705254958,0.4811211704756176,0.4180538843800361,-0.0818449063580423,-0.0135292337817997,-0.4543733841416085,-0.4569144225555796,6.921460387635246,7.0,0.9538079918914372,1.0,Vila São José,0.5964460815186365,0.4963956710335433,0.7329953433649021,0.6460981728474079,0.4441508195672029,0.5558491804327971,0.6055568898394574,56,alta,ok
IPANEMA,1,380.25938425790247,379.8331422632815,377.7496208029049,2.083521460376533,325.90338408987884,47.43372927083103,376.66600711138216,99.45146401707822,0.5485359829217692,86.27497319445956,12.5569230671922,99.71313970104866,35.495898596598124,35.78065714941911,37.27869788555104,37.65296240217268,42.27751441006368,42.53124710421109,0.4978638324842318,0.4710878145840015,-0.1070419007524483,-0.0724602629074624,-0.4455222609190484,-0.4588704313182369,7.776410035870002,8.0,0.9996426674794082,1.0,Ipanema,0.5308694707519077,0.466627802543631,0.8627497319445956,0.5905715852851805,0.4730838120349127,0.5269161879650873,0.5955469556980805,57,media,ok
VILA ASSUNÇÃO,1,136.1892586853108,136.02518331668537,132.10693401145,3.918249305235405,128.30552484238262,2.5597461675896365,131.139493794038,97.11946772671268,2.880532273287352,97.122475669038,1.9376319545556768,99.26768399807982,34.60849341436067,34.77573388318185,36.63245957027269,36.77788144654161,44.08599871560626,44.27827977703392,0.5071717333569402,0.497825841818537,-0.1180029253279806,-0.1073784130470734,-0.438274719264241,-0.4474029632766407,8.034402369971756,8.0,0.9987323094468632,1.0,Vila Assunção,0.45054955797924745,0.41724786021174654,0.97122475669038,0.5664167880368173,0.4891687945604932,0.5108312054395068,0.5832540336715396,58,media,ok
JARDIM SABARÁ,1,208.6009778941213,208.36358187809265,208.36358187809265,0.0,161.30379879401582,40.22665306715404,208.36358187809265,100.0,0.0,77.41458336437597,19.3059903772865,100.0,36.65307900445116,37.155730948622775,38.08935887876619,38.834380820421366,44.774282830228366,45.52604665608568,0.5421011068817911,0.4901352705578115,-0.1429661305563966,-0.0878192419084635,-0.4592548058473089,-0.4663760894356327,7.132426918276489,6.999999999999999,1.0,1.0,Jardim Sabará,0.6356070035964217,0.5285715037282785,0.7741458336437597,0.5114054013907486,0.5495302412991521,0.45046975870084793,0.5800399002120112,59,media,ok
JARDIM ISABEL,1,70.54622013295915,70.45667322111481,70.45667322111481,0.0,63.07030772420706,7.087593319690697,70.45667322111481,100.0,0.0,89.51644300075444,10.059506070415274,100.0,34.18797293162364,34.26341069381124,36.19437056039475,36.34502448186917,41.21201240040528,41.46762348121137,0.5105425472630586,0.4862479524953024,-0.1133211518925621,-0.0916648273355098,-0.4550648820403738,-0.4637704361230135,7.079096801495828,6.999999999999995,1.0,1.0,Jardim Isabel,0.4124878369428724,0.383772887384289,0.8951644300075443,0.5767340067708895,0.494993897719453,0.505006102280547,0.5546330526772285,60,media,ok
FARROUPILHA,1,59.37720524270859,59.30050508347798,57.902779993093496,1.3977250903844831,57.902779993093496,0.0,57.902779993093496,97.64297945115833,2.357020548841684,100.0,0.0,100.0,35.21845565254,35.4133925132648,36.65291172426643,36.77978115500001,43.40845048199376,43.738585040000025,0.5452785380722445,0.5637397766113281,-0.1952287735239866,-0.2095474660396576,-0.4026308912859779,-0.4160223800876886,6.588408845880774,6.999999999999998,1.0,1.0,Farroupilha,0.5057578379688396,0.41881063691640374,1.0,0.3962342752020798,0.5550211598073769,0.4449788401926231,0.5531563180559893,61,media,ok
JARDIM CARVALHO,1,392.73513566557193,392.2664321322651,392.2664321322651,0.0,307.80423575213126,80.34742248826751,392.2664321322651,100.0,0.0,78.46815596200322,20.48286978101043,100.0,35.69373144479437,35.967804145450444,37.27847874677855,37.402442609461765,43.94811101953352,44.31054899703324,0.5409953937419912,0.5054532104477881,-0.1453626655571748,-0.1111952767867738,-0.4491120825105959,-0.4589711504303756,7.750928681311346,8.0,1.0,1.0,Jardim Carvalho,0.5487755157342299,0.46661105785410667,0.7846815596200323,0.5061241599663271,0.5476194585377956,0.4523805414622044,0.55171456692738,62,media,ok
SARANDI,1,2460.2879031519874,2457.4608210268266,2423.01397589182,34.44654043424947,1057.1323938128994,378.1591835011746,2362.491562198539,98.59827490065078,1.4017127003414978,43.62881949221151,15.606974918994782,97.50218470485692,35.901961915889885,35.435850954261355,39.56279865607265,39.31384355164307,45.53883095199295,46.31216437706637,0.5057383844824823,0.5041303240074594,-0.1324795540675754,-0.1132360753389995,-0.4177340947666983,-0.4414120879225901,7.065340304286983,7.000000000000006,0.976255486569851,1.0,Sarandi,0.56762265975567,0.6411590268025776,0.4362881949221151,0.5345146579361959,0.4866918245203076,0.5133081754796924,0.5385785429792502,63,media,ok
ESPÍRITO SANTO,1,159.70450071154613,159.5047625276681,158.21139867568732,1.2933638519808357,129.07624849040135,28.73425089602961,157.13642237487392,99.189137784048,0.8108622159520067,81.58467061844942,18.16193468773452,99.3205443414245,35.29002290658056,35.59106975500001,36.96260581834841,37.350248693000005,41.95472716894904,42.47441610125003,0.5510971651306247,0.5255560531409988,-0.1573377307841281,-0.1271943849839752,-0.4563544214879398,-0.4669620240492381,7.610674357125692,8.0,0.9939140496975928,1.0,Espírito Santo,0.5122354602737074,0.4424747808471241,0.8158467061844942,0.4797347225009035,0.5650763286189977,0.4349236713810023,0.5370430682374463,64,media,ok
CEL. APARICIO BORGES,1,285.72847808641177,285.3767417681275,285.3767417681275,0.0,198.2244759000401,83.27148945530254,258.2723912417013,100.0,0.0,69.46062761523157,29.179494074875155,90.50225664555074,35.49355986161613,35.59594921222839,36.864052648362296,36.90394203032344,43.80525289608082,43.84700471722635,0.5369452863431177,0.5447461798384383,-0.1224530381995534,-0.1113786159083247,-0.4630354039680202,-0.4668755648601231,6.87047729166022,8.0,0.9050280580980224,1.0,Cel. Aparicio Borges,0.530657789556539,0.43494420004514484,0.6946062761523157,0.5566100794208071,0.5406204683649823,0.45937953163501766,0.5352395753619649,65,media,ok
MÁRIO QUINTANA,1,752.6132469556276,751.7418317737827,751.3079468161745,0.0,519.5819583005764,229.6568866197676,714.8123394407774,99.94228271738126,0.0,69.15698955433844,30.567610470911028,95.14239034339316,35.63645684968712,35.78347557873275,37.07493333888643,37.31724477580872,43.45030359872461,43.55951528902752,0.5504683679938496,0.5293591099341762,-0.144920956921593,-0.1267689711683804,-0.4561370256080128,-0.4590254073124273,8.007466894080924,8.0,0.9609859907762094,1.0,Mário Quintana,0.5435915359973694,0.45105787837525824,0.6915698955433843,0.5070975527784504,0.5639897043526373,0.4360102956473627,0.525865431668365,66,media,ok
GLÓRIA,1,335.6808677447082,335.2767219394446,335.2767219394446,0.0,219.78403484704452,111.85157612690742,335.2767219394446,100.0,0.0,65.55302544587049,33.36097283458566,100.0,34.58919398760622,35.09149290125002,36.00122876443663,36.65259137230771,42.138218552862085,42.96672161823391,0.562621806462193,0.5606192866852203,-0.16453838621131,-0.1389862750879342,-0.4564407918814459,-0.4680462729798093,7.820292023419253,8.0,1.0,1.0,Glória,0.4488027479487139,0.3690146619420533,0.6555302544587049,0.4638666464191145,0.5849920600999154,0.41500793990008455,0.4704444501337342,67,media,ok
GUARUJÁ,1,168.7210207522589,168.5181493047699,167.39793006666747,1.107444898550417,118.39904955058704,43.87679822748783,167.21482701736932,99.33525306162927,0.6571665444459464,70.72910011696904,26.21107573433768,99.89061809233527,33.988745391344814,34.537551967777794,35.67954294589902,36.4046902199616,40.55384435693872,41.65668533428574,0.5601392395450787,0.5334831696271323,-0.1725791320000164,-0.1310421363098506,-0.4478877554260398,-0.458155478405768,7.503293197208452,8.0,0.9999500021886476,1.0,Guarujá,0.3944555570132458,0.3444342141524013,0.7072910011696903,0.4461472641740108,0.5807019364698441,0.41929806353015586,0.46232522000790083,68,media,ok
NONOAI,1,446.7587884241656,446.225930013055,446.225930013055,0.0,269.55919185575897,169.6753604702799,446.225930013055,100.0,0.0,60.40867948840906,38.02454072207678,100.0,34.5154951370979,35.038176095328865,36.19790775766048,36.71952146240002,41.85561058304628,42.52901286714288,0.5893469846425194,0.5993274641888482,-0.1831478065160255,-0.1581621077415105,-0.4651616645052332,-0.4746886898656667,6.74766787958982,7.000000000000002,1.0,1.0,Nonoai,0.44213219275841326,0.3840431694038919,0.6040867948840906,0.4228570883004889,0.6311758377209264,0.36882416227907355,0.4443886815251917,69,media,ok
VILA CONCEIÇÃO,1,37.40577462678651,37.350732022260914,36.78115136655523,0.569580655705695,25.692619223717376,8.709507277315737,36.78115136655523,98.47504821226472,1.5249517877353165,69.85267798625642,23.6792676512982,100.0,32.50407580734656,32.70286622756897,34.23182857946472,34.39729914285717,40.08490539076862,40.54102733000001,0.592147774761583,0.6078450078686116,-0.1947639543083472,-0.1964048034618244,-0.4514211456414835,-0.4577249884605407,9.218232204160978,9.0,1.0,1.0,Vila Conceição,0.26007665787013357,0.23381240446169188,0.6985267798625643,0.3972585967728913,0.6360158828330363,0.36398411716696366,0.39073171122684897,70,baixa,ok
TERESÓPOLIS,1,386.56140740138846,386.0917539101896,386.0917539101896,0.0,186.1424420743304,193.77406699508435,386.0917539101896,100.0,0.0,48.2119703902378,50.188605437079325,100.0,33.446811665222086,33.72924820870622,34.740294368106454,34.95869953769231,40.7462732074758,41.311986135711706,0.6278210763715777,0.6546044543377214,-0.2250615441890851,-0.220850395118378,-0.4722818091769142,-0.4942055028771466,7.584900766873103,8.0,1.0,1.0,Teresópolis,0.3454046043233019,0.272664961989251,0.482119703902378,0.3304918328047753,0.697662911617902,0.30233708838209805,0.34660363828036084,71,baixa,ok
HÍPICA,1,1034.327131933912,1033.1588359841528,1032.1506528326693,1.0081831514835358,435.2095128310369,586.1567850265435,1028.1176672571717,99.90241740995002,0.0975825900499775,42.165309069624016,56.78984782094309,99.60926386429836,33.95946904320628,33.654977105566346,35.02277490935723,34.47469459050534,39.41004096646302,39.068072459365474,0.635626750821322,0.7206431437093318,-0.2230548575292239,-0.2633406542954027,-0.4781768090312311,-0.4943496154443598,7.665445778786784,8.0,0.9960924515357904,1.0,Hípica,0.391805726050055,0.2942496815997475,0.42165309069624013,0.33491396588877015,0.7111518968189202,0.2888481031810798,0.34629411348317846,72,baixa,ok
MORRO SANTANA,1,573.7447029943187,573.0654242643544,571.6484114323766,0.543483667075634,232.4645933938669,333.1784756828756,567.8269875523221,99.75273105443468,0.0948379790620426,40.66565895134416,58.2838102966178,99.3315080032359,33.56677878685372,32.966820502785154,34.75127794402226,33.84310671047174,40.789342053894366,40.06397367894739,0.649907038552225,0.6969256801015818,-0.2303051360087442,-0.2364408717976483,-0.4832504915636194,-0.5019674413552594,8.160668343491226,8.0,0.9972106587893654,1.0,Morro Santana,0.35626294607959497,0.2735042318568801,0.40665658951344164,0.3189365355436258,0.7358296605546012,0.2641703394453988,0.32390612848778827,73,baixa,ok
ABERTA DOS MORROS,1,376.8639912793181,376.4384375092736,376.4384375092736,0.0,154.57561758899817,210.92910969044064,354.134920589392,100.0,0.0,41.062655187859285,56.03282998571164,94.0751223314351,33.485359575505946,32.9656604297715,34.778237388821275,33.912265152482924,37.97987226184229,37.69100521267848,0.6521415049905207,0.7129977216591706,-0.2427304718421667,-0.2679063354983366,-0.4723325171112476,-0.4863095976436321,7.168472771873245,8.0,0.9407556554578262,1.0,Aberta Dos Morros,0.348893613463142,0.27556423943922437,0.41062655187859287,0.2915548372606833,0.7396910417731493,0.26030895822685074,0.3173896400536987,74,baixa,ok
VILA NOVA,1,1204.9176711497698,1203.5218305241838,1203.5218305241838,0.0,518.1269627183375,653.2229587625347,1203.5218305241838,100.0,0.0,43.05089858591694,54.27595430304982,100.0,33.42407377020534,33.219059834003104,34.4720501288896,34.06268903394761,40.36531521531335,40.18809009341958,0.6628953976607757,0.7165182592093203,-0.2482380615720543,-0.2715062199305667,-0.4794998677465942,-0.4942410718621685,7.375618814540831,7.0,1.0,1.0,Vila Nova,0.3433465751603729,0.25216805744145554,0.4305089858591694,0.27941776810844654,0.7582748425729839,0.24172515742701606,0.3094333087992921,75,baixa,ok
CAMPO NOVO,1,360.28543321507965,359.8526171201293,359.8526171201293,0.0,131.57772101277808,216.950682793733,357.7537384233347,100.0,0.0,36.56433627349544,60.28876058481145,99.41673935468587,33.46795316610508,33.15326835728569,34.59599549278929,33.96526278069933,39.91738987461381,39.53221375953995,0.6616611594692489,0.6975713899982381,-0.23846253788897,-0.2476892674962679,-0.4847733286195663,-0.4970244011618173,7.328973975734138,6.9999999999999964,0.9941668582867808,1.0,Campo Novo,0.34731814228859076,0.26163889006925334,0.3656433627349544,0.30096007840383304,0.7561419556831672,0.24385804431683278,0.3038837035626929,76,baixa,ok
RESTINGA,1,2012.5066487347292,2010.2261971139128,2008.9850507505944,1.2411463633179665,741.4285778146159,1226.978518691542,2008.9850507505944,99.93825837285874,0.0617416271412582,36.90562941409664,61.07454698247354,100.0,33.285059815947136,32.44247112574247,34.44075215532481,33.18977263237829,39.77337894793615,38.81617527086919,0.668910933330117,0.7520377902147416,-0.2463764020230785,-0.2911361743863825,-0.4907962097746627,-0.5059037724616009,7.289736779667455,6.999999999999995,1.0,1.0,Restinga,0.3307642859156232,0.24977653701749478,0.36905629414096636,0.28352030511501153,0.7686702891346324,0.23132971086536758,0.2928894266108927,77,baixa,ok
PEDRA REDONDA,1,66.6930148001277,66.60229344508227,62.30113416141736,4.301159283664882,20.185383367187843,32.32066952828681,61.907139137270384,93.54202526492352,6.457974735076435,32.39970449797767,51.87813988192652,99.36759574372088,31.59602645065626,31.775620526167145,33.41815680328967,33.407049920000034,38.37086689861823,38.58975396633809,0.6487876047116703,0.6859012047449747,-0.2639228356254884,-0.2912832567325005,-0.4409961147593212,-0.4578354550732506,8.05117912204365,8.0,0.9995269129709298,1.0,Pedra Redonda,0.17788822063479715,0.17163864528540462,0.3239970449797767,0.24485324956947688,0.733895167051704,0.266104832948296,0.23689639868355025,78,baixa,ok
LOMBA DO PINHEIRO,1,2978.2041307693503,2974.8197344122555,2967.792190014001,5.624711882249981,760.2028036081324,2083.117669411763,2949.928739054384,99.76376570596996,0.189077402478684,25.615095496445324,70.19081984314865,99.39808956234457,32.37350023699613,31.78167652180478,33.46740645016017,32.56281007513685,37.99314793468814,37.68705740725363,0.7278826460712879,0.793019139152304,-0.2930405238299443,-0.3399332146812114,-0.506980515720777,-0.519586434527885,6.811113586543018,6.646617086426938,0.99820321121238,1.0,Lomba Do Pinheiro,0.24825813502317032,0.1754018773080733,0.2561509549644532,0.18068663356811349,0.8705792997609223,0.1294207002390777,0.19798366022057762,79,muito baixa,ok
BELÉM NOVO,1,1488.253550314828,1486.5794403593045,1448.0019748390894,38.27688248642521,281.58449275134245,1124.603276843827,1403.0636687823376,97.40495095836312,2.574829265577206,19.446416347783902,77.66586623397386,96.89653005744375,32.39925097155848,32.15870242679644,33.4427439827197,33.157767568909364,37.05038045521281,37.066407621056406,0.7178592439168202,0.7597641627489855,-0.2797042938972776,-0.2987981818199357,-0.4855562299651202,-0.5018482526369487,8.415017361348033,9.000000000000009,0.9701967076163428,1.0,Belém Novo,0.25058885924619667,0.17351738486746662,0.194464163477839,0.21007566812973635,0.8532578595450934,0.14674214045490663,0.19507764323522905,80,muito baixa,ok
SERRARIA,1,324.3604603150803,323.9705109257618,297.56010844763006,26.368737396305686,86.71461891777369,206.9684285788852,296.6714480859977,91.84789924161224,8.139239994700663,29.14188308713944,69.55516640272741,99.70135097534798,31.671323332414307,30.90804008553413,33.0848179311078,32.15394002915577,37.05947214419664,35.78327753000002,0.7157801679815402,0.7989366624258879,-0.2890522457714313,-0.3496092872717527,-0.4850201243801199,-0.4981902767230337,7.921884581735524,8.0,0.999710839520798,1.0,Serraria,0.18470341519970931,0.14616777193084932,0.2914188308713944,0.18947559733784378,0.8496650086385706,0.15033499136142936,0.19242012134024525,81,muito baixa,ok
BOA VISTA DO SUL,2,2440.110448506052,2437.352260149928,2409.69302351501,27.214343508406017,52.14318934719936,1786.603541175262,2386.4014617010084,98.8651933047537,1.116553563198616,2.163893443619565,74.14237098836558,99.03342203398066,31.40490844290259,31.34551493525579,33.36129589865298,32.904963708932016,35.394749323539926,33.93633085415445,0.7131284703376848,0.7558686681735736,-0.2659691803053735,-0.2988396933332352,-0.5053247318564892,-0.5097842958622392,7.737120153877687,8.0,0.99157061647182,1.0,Boa Vista Do Sul,0.16058994244201574,0.16729382677880006,0.021638934436195648,0.24034372215237498,0.8450826102172898,0.1549173897827102,0.14895676311841932,82,muito baixa,ok
CHAPÉU DO SOL,1,599.3720121081484,598.6679260694227,595.3333353736243,3.334590695798397,53.23528740937803,514.5342876625703,595.3333353736243,99.44299827156404,0.5570017284359596,8.942097518521818,86.42793156201382,100.0,32.121356401972264,32.09405010914998,33.11668686631819,32.93392319407245,37.88787394926294,37.90531629726758,0.7413181034975092,0.7831430663711566,-0.3028204157729096,-0.3261757034826113,-0.5008598776151936,-0.5096717642058479,7.967315006553546,8.0,1.0,1.0,Chapéu Do Sol,0.22543634939395157,0.14860292030516042,0.08942097518521817,0.15913469694345217,0.8937971123353559,0.10620288766464414,0.1457595658984853,83,muito baixa,ok
BELÉM VELHO,1,961.7826961790964,960.685893492781,960.685893492781,0.0,181.5356276122964,734.6384378622272,960.685893492781,100.0,0.0,18.896460210556896,76.47020142986491,100.0,31.774372827991968,31.280769957716007,32.693041867679106,32.15620643395988,38.61782925574051,38.034173389579,0.7495325668564286,0.8184323523479495,-0.3217597372759639,-0.3730550190202177,-0.5088554776389586,-0.5213530919302315,6.797098800605737,7.000000000000003,1.0,1.0,Belém Velho,0.19403052604122528,0.11623163388123708,0.18896460210556895,0.11739813593354072,0.9079925256076068,0.09200747439239321,0.14172647447079306,84,muito baixa,ok
PONTA GROSSA,1,1066.3357260694447,1065.1418160969142,1050.9347382197782,14.187616892772574,188.2911615144681,832.2650044718506,1049.1413375783495,98.66617968964955,1.331993231170044,17.916541785784172,79.19283416986089,99.82935185447704,31.606073536527024,31.09407070788159,32.6454599503125,32.02959673972746,35.4295417708754,34.96982929144211,0.7446985036792134,0.7986832305174865,-0.3156476616714052,-0.3574146450533351,-0.4919735381770936,-0.5009900082412179,8.05017806135912,8.057233371398437,0.9998218558175076,1.0,Ponta Grossa,0.17879759222391098,0.11259583532201439,0.17916541785784174,0.13086730991243523,0.899638781536154,0.10036121846384605,0.14035747475600968,85,muito baixa,ok
LAMI,1,1774.8685854751673,1772.863058318225,1749.610711431005,21.905086355992392,122.82787109628032,1509.3863215742738,1692.68032893626,98.68842961230872,1.235576896546765,7.0202971606077735,86.26983772520163,96.74611145652044,31.310707113001698,31.566025178943512,32.967436225203514,33.03247839157349,35.18509742299622,34.807581260451244,0.7410127348578379,0.75977662074928,-0.2947129700795367,-0.3027223544776568,-0.4987871494400294,-0.506869989571703,7.303104045236644,7.0,0.9710568851698088,1.0,Lami,0.15206368774781695,0.13719847727385387,0.07020297160607773,0.17700106569174298,0.8932694048210468,0.10673059517895322,0.12863935949968894,86,muito baixa,ok
CASCATA,1,535.5677504599323,534.9431374397637,534.815308745322,0.1278286944417392,86.31579615920782,427.1693159376292,534.815308745322,99.97610424632168,0.0238957536783305,16.139365262693186,79.87230525240001,100.0,31.195803343760385,30.72207872500948,32.05328157645281,31.4071795703476,38.55237922270224,37.9099674484405,0.7407613079615593,0.8067262288025602,-0.3186284581363436,-0.373052992237693,-0.5078928040545857,-0.5195710826199124,7.956831388152728,8.0,1.0,1.0,Cascata,0.14166363497886367,0.067346686114906,0.16139365262693187,0.12429853217153423,0.8928349140278583,0.1071650859721417,0.1203735183728755,87,muito baixa,ok
SÉTIMO CÉU,1,154.2784914134785,154.09162790754849,154.09162790754849,0.0,22.62269652126467,129.8395719770707,154.09162790754849,100.0,0.0,14.681327485772153,84.26127606035256,100.0,30.88491979071074,30.64069679562501,31.83792468356266,31.215955559264597,37.107372344418295,36.21849960681516,0.7928327752943359,0.8613157658874323,-0.3730760150392563,-0.4317258276557562,-0.507163033259105,-0.516761351302652,7.932812567876569,8.0,1.0,1.0,Sétimo Céu,0.11352525990149033,0.05089097511747173,0.14681327485772153,0.004312513656955247,0.9828196112848822,0.017180388715117845,0.06654448244975134,88,muito baixa,ok
AGRONOMIA,1,886.9777893807108,885.9292920203173,881.9497423490174,0.6986010000109673,94.74681982327904,768.8170498903177,871.0958531094527,99.55080504650378,0.0788551644361868,10.742881966372243,87.17243318679611,98.7693301876073,30.54511008463382,29.93545808356551,31.6395364872744,30.782354156203304,37.20856519537899,36.31069065882652,0.7972855312476785,0.8692607473066779,-0.3688380037091556,-0.4395579637785087,-0.518089623219111,-0.5293166628001125,6.946136790062778,7.0,0.993047964767538,1.0,Agronomia,0.08276875036366527,0.03573186514142297,0.10742881966372243,0.013651814350009056,0.9905144183826021,0.009485581617397876,0.04981336622724352,89,muito baixa,ok
ARQUIPÉLAGO,34,4359.396371042143,4354.099424324057,4241.29329581439,94.68674417421516,183.7116037832464,3872.9346819956536,4235.263796453997,97.40919722963883,2.174657373353724,4.3314996386726206,91.31494598163586,99.85783818897072,30.2446580460451,29.90550419908262,31.208126643204228,30.8439796603826,37.7354561446671,37.31059840987708,0.7855542704899225,0.8164580242030747,-0.3307360132872624,-0.3457201256597824,-0.5107969820375314,-0.5274806225347504,7.067574636928537,7.000000000000018,0.9997648065133596,1.0,Arquipélago,0.05557454188387231,0.002767256392688382,0.04331499638672621,0.09761712681307431,0.9702416278928784,0.029758372107121622,0.045806458716696564,90,muito baixa,ok
EXTREMA,1,2401.9140492300253,2399.2987713412604,2384.0602427876147,11.022010712325573,32.272065133440734,2172.513812925126,2361.855594604241,99.36487574054284,0.4593846687198539,1.353659800798738,91.12663237003048,99.06862050778506,30.75128722914028,30.656426250673583,32.011344537565606,32.03093147921448,36.269751789926055,36.06098271678315,0.7994439337474887,0.8299817622088309,-0.3607166199750023,-0.3887249218903188,-0.5193898470956073,-0.5254037678323438,6.874101652398517,7.000000000000008,0.9960901533917336,1.0,Extrema,0.10143004578310544,0.06414222034297445,0.013536598007987379,0.0315488983427343,0.9942443535170008,0.005755646482999199,0.043282681791960154,91,muito baixa,ok
PITINGA,1,871.4153721010342,870.3699707141702,870.3699707141702,0.0,57.15319799941544,791.3767201071864,870.3699707141702,100.0,0.0,6.566540657706649,90.92417555006328,100.0,30.523788304286043,30.21629917502378,31.199830618393108,30.7178184005984,33.71633229372308,33.18286542065209,0.7955534087620355,0.8537863509308745,-0.3608907322142575,-0.4158165445129889,-0.5214798164984621,-0.5303181721591868,6.096785534433162,6.000000000000004,1.0,1.0,Pitinga,0.0808388951273309,0.002133345934159576,0.06566540657706649,0.03116520740137328,0.9875211376961452,0.012478862303854754,0.038456343468756995,92,muito baixa,ok
SÃO CAETANO,1,831.2806873782345,830.2959625580148,826.2675090284619,2.2124475353780912,0.0,767.60383302584,819.8760097271086,99.51481716023984,0.2664649275858067,0.0,92.90015940822852,99.2264612572182,29.63064920607276,29.532747225978053,31.269338524028004,31.156211147398032,32.573443692759966,32.53144792097392,0.7926379243644114,0.8183700905026677,-0.3499081362024804,-0.3651636604945528,-0.5169173732012061,-0.5244671881513943,6.6236247349191375,7.000000000000001,0.996807386544744,1.0,São Caetano,0.0,0.007444538865180505,0.0,0.05536754159897496,0.9824828894132387,0.01751711058676131,0.016065838210183356,93,muito baixa,ok
LAGEADO,1,2279.431301130191,2276.88134076908,2274.0900345937885,2.7913061752915382,94.8514064409569,2100.3464060322017,2274.0900345937885,99.87740660326423,0.1225933967357603,4.170960911752107,92.35986148663538,100.0,29.9682547068043,29.843757118008003,31.17191139011351,30.904915875448044,34.13215552341037,34.30646845612784,0.802774555141507,0.841755773786055,-0.3750329583201364,-0.4119871286976444,-0.5121698781572934,-0.5175755620241071,7.205467709586845,7.000000000000002,1.0,1.0,Lageado,0.030557004751716244,0.0,0.041709609117521064,0.0,1.0,0.0,0.01445332277384746,94,muito baixa,ok
